Title,URL,Author,Upvotes,Comments,Created UTC
A horrible end to a police chase...,https://redd.it/bay23,hiyosilver,379,484,2010-03-09
Police Brutality: Deaf woodcarver murdered by cop in cold blood! (RAW),https://redd.it/epyor,tatonkadonk,1201,886,2010-12-22
Chick fight turns into police brutality in Savannah,https://redd.it/g81xq,Clintercourse,163,302,2011-03-21
"Semi truck in police chase, epic.",https://redd.it/gls5l,Farrion,350,125,2011-04-08
Why you should never talk to the police,https://redd.it/gu577,massbeta,505,149,2011-04-20
This is the greatest police chase.  All other police chases are now inferior.,https://redd.it/gwnp4,EatSleepJeep,796,330,2011-04-25
Is it illegal to talk to a police officer? Apparently so.,https://redd.it/gzskt,spinningwheelofdeath,1235,1554,2011-04-29
My city's police department fills me with pride...,https://redd.it/h4ggv,mizremoth,590,283,2011-05-05
Police totally FUCK up a handicapped man...,https://redd.it/hh87s,coffeetablesex,1197,1197,2011-05-22
A police officer smashed this man's phone to prevent this video from going public. Count the number of shots. [Memorial Day; Miami],https://redd.it/htlyg,aphexmandelbrot,1747,1183,2011-06-07
if only all police were like this one,https://redd.it/hyujo,Honey-Badger,730,122,2011-06-13
How to refuse police searches...,https://redd.it/i865t,Idonotconesnt,316,162,2011-06-24
Master Troll vs. Orlando Police Dept.,https://redd.it/ik8if,ThomasRaith,2525,895,2011-07-08
Cop tears up the course at the Grand Prairie Police Motorcycle Rodeo,https://redd.it/ity7g,shitting_asshole,617,221,2011-07-19
Why Citizens MUST Retain the Right to Video Police,https://redd.it/iw2wh,WarriorNerd,829,243,2011-07-21
Best police chase involving a Scion you'll ever see. ,https://redd.it/j3xdb,hb_alien,1221,895,2011-07-30
French police enforcing burka ban,https://redd.it/j8tpw,ilikefudi,150,596,2011-08-04
Police Brutality backfires big time,https://redd.it/jbqb8,ninjao,508,314,2011-08-07
Police officer's (and Marine's) final act of kindness before being gunned down in the street.,https://redd.it/jl285,CANT_STOP_DANCIN,884,520,2011-08-17
"Man shines laser at police helicopter, gets arrested almost immediately. Footage is from police the helicopter's perspective.",https://redd.it/ktk1p,rmaniac,880,451,2011-09-28
White-shirt police officer punches woman in the face. UNREAL,https://redd.it/lcoc9,HappenedALongTimeAgo,557,171,2011-10-15
Florida Highway Patrol Woman does the right thing; arrests speeding Miami police officer,https://redd.it/lu5w6,belvedere58,1254,325,2011-10-30
French Bulldog meets a police horse,https://redd.it/m1in7,luigipopopopo,756,123,2011-11-05
Real Police brutality,https://redd.it/m5yuv,mickeythebiz,481,75,2011-11-09
The way this police officer handles this situation is perfect in every way.,https://redd.it/mkybb,azikrogar,1771,785,2011-11-22
75 Years in Prison For Videotaping Police,https://redd.it/mwlga,benderunit9000,2037,928,2011-12-01
Police pepper spray a man to death while naked and restrained to a chair,https://redd.it/npcjk,j1ggy,1518,461,2011-12-24
Not everyone tolerates Police brutality.,https://redd.it/oie82,MuggyFuzzball,940,1009,2012-01-15
Police pull a shotgun on a crowd of people over a noise complaint,https://redd.it/pehva,AnUglyUmbrella,975,1019,2012-02-07
Seattle Police Officer threatens to make up evidence after arrest of innocent men ,https://redd.it/poz0b,l30,1854,1048,2012-02-14
citizens requesting complaint forms from the police are either intimidated into leaving or arrested. its crazy,https://redd.it/pv7oi,superatheist95,1062,240,2012-02-18
"Fort Collins Police Dept. in Colorado arrests man for 
being assaulted by an officer.",https://redd.it/rdx40,Swiftyz,1841,1069,2012-03-26
Police officer tricked into thinking prison escapee is a jogger.,https://redd.it/rg14o,jrriddle,573,132,2012-03-27
Milwaukee police officer pounding someones head into the ground on busy street,https://redd.it/s8ml8,steezemachinee,420,223,2012-04-13
"American police brutality, narrated by a Brit. Brilliant.",https://redd.it/t1464,himel412,1478,733,2012-05-01
Never fuck with the South African police...,https://redd.it/vamxn,You_coward,1646,320,2012-06-19
Law student legally puts police officers in their place.,https://redd.it/vo1hj,BR0THAKYLE,680,1370,2012-06-27
"Naked man withstands multiple tasers, slaps police.",https://redd.it/vr878,Wiggidy,578,210,2012-06-28
"Police Officer sees a guy recording him pulling over speeders, drives over to him to show off and explain the equipment being used.",https://redd.it/wdyr0,Ross29,1959,481,2012-07-11
Good thing we have the police here to protect us from obnoxious swimsuits.,https://redd.it/wndrs,DJ-Anakin,1274,614,2012-07-16
Driver plays russian roulette going the wrong way on a major highway. Police say it happens all the time. Pay attn folks.,https://redd.it/wq4ly,houndofbaskerville,2169,1512,2012-07-17
Do you think this is police brutality? The system says no.,https://redd.it/wry7r,doomducks,1499,1229,2012-07-18
I'm a Journalist. Last night I was shot at by Anaheim police with riot weapons.,https://redd.it/x4jzo,Timcast,995,624,2012-07-25
Handcuffed Man Shot in Back of Police Car,https://redd.it/xijle,corr0sive,658,291,2012-08-01
How Canadian police deal with a knife wielding man,https://redd.it/y3mz3,jmackisback,1887,1492,2012-08-12
Fuck Da police!,https://redd.it/yeck2,oswaldow,508,133,2012-08-17
"75 Years in Prison For Videotaping Police- Yeah, don't fix the problem, arrest those who notice it",https://redd.it/yftcl,GRFatman,1266,243,2012-08-18
Swedish Police Vs. Drunk,https://redd.it/yfc0k,coffeetablesex,411,500,2012-08-18
Open carry gun activist logic'd by police at a park,https://redd.it/ygsr3,spinylions,438,669,2012-08-19
"Woman pulls knife on police, bad move. [X-post from /r/justiceporn]",https://redd.it/znm7n,IntelligentBacteria,1524,1397,2012-09-10
best police escort,https://redd.it/10j76e,BattleClown,2451,255,2012-09-26
Police Brutality in Philadelphia: Officer sucker punches woman he *assumed* sprinkled water on him. The video shows it wasn't her. ,https://redd.it/10r54d,zombies_r_us,3088,3152,2012-10-01
Spanish protestors peacefully evict riot police. Amazing video. ,https://redd.it/114y57,RoscoeMG,463,125,2012-10-08
Friend of a friend has made this heli-rig with a camera hooked to a pair of goggles. TV networks hire him to do aerials and the police are interested in his design.,https://redd.it/116txc,Daggerfall,3783,1111,2012-10-09
Azerbaijan's Busy Traffic Police,https://redd.it/11uhyt,draxter,1005,293,2012-10-21
Guy gets harassed by police for taking a timelapse.,https://redd.it/127nse,bergice,1717,1049,2012-10-28
Police fire cop for being fat.,https://redd.it/12ws7g,InfiniteLiveZ,312,166,2012-11-09
This police driver deserves a raise,https://redd.it/132tad,PhoneDojo,2333,1252,2012-11-12
"Seattle's ""Finest"" caught on their own dashcam doing what they do best - ""following police procedure(?)"" ",https://redd.it/141rzg,TheCannon,650,508,2012-11-30
Police Motorcyclist Forgets About Speed Bump,https://redd.it/14bpbg,romad20000,940,210,2012-12-05
Police stopping bicyclists for an unusual reason.,https://redd.it/14i0b2,GregPatrick,2087,369,2012-12-08
A kid perfectly imitates a police siren,https://redd.it/14kf30,WolfDemon,3078,937,2012-12-09
8 Police officers and a taser to contain a seriously menacing civilian,https://redd.it/14sil8,mataxulos,846,333,2012-12-13
Police Officer wraps $100 bill inside of Traffic Ticket,https://redd.it/14ub1z,willdogs,935,386,2012-12-14
A Boston Police Officer Leaps Into Frigid Harbor To Save A Drowning Woman,https://redd.it/15csza,dapx313,1417,236,2012-12-24
"Police Officer assaults guy after he hands him his ID, accuses him of ""snatching"" it then throws him into a wall",https://redd.it/15pute,coffeetablesex,2210,2422,2012-12-31
What does reddit think? My home town is flipping out because of this police brutality. ,https://redd.it/17blr8,Kimura24,777,310,2013-01-26
"Blatant police brutality in Bridgeport, CT",https://redd.it/17gyvk,mickermack,448,188,2013-01-29
Man filming police on his front yard is beaten up by police when he won't turn off the camera. Man awarded only 100k in court.,https://redd.it/17xprq,tminus54321,1826,814,2013-02-05
Police Officer slaps U.S. Soldier,https://redd.it/183a8b,tmos1985,1051,650,2013-02-07
Scanner recording of Cop Killer Christopher Dorner Held up in cabin. Listen to the actual conversation between the police as they plan and burn the cabin down,https://redd.it/18fad5,quhof,1811,1091,2013-02-13
Dorner shoot out: Police say to burn down the cabin,https://redd.it/18f32f,NihilistScum,2775,4392,2013-02-13
This is how Police in the UK handle things,https://redd.it/18p2ph,dyslexic1991,978,963,2013-02-17
How to deal with the police when they tell you to stop filming. [30secs],https://redd.it/19cqiz,Eating_Some_Cheerios,894,1317,2013-02-27
"Police brutality. ""Move and die"" ",https://redd.it/19o3z1,UppersNDowners,362,155,2013-03-04
Mardi Gras 2013 Sydney Police Brutality,https://redd.it/19pajk,banditsteps,736,389,2013-03-05
Richmond man assaulted on camera for questioning a police officer's actions,https://redd.it/1apv0z,nukesean,1165,472,2013-03-21
This is how you sing 'fuck the police' by NWA in front of your kids....,https://redd.it/1b0fc0,Kartingf1Fan,2301,207,2013-03-26
Police officer caught framing woman for DUI (by his own dashcam).,https://redd.it/1b7lva,Saint_Sacrifice,716,112,2013-03-29
An encounter with the German police,https://redd.it/1bq3sm,doommaster,1094,315,2013-04-05
Police chase in my hometown a couple of days ago,https://redd.it/1c2eyz,alexwittscheck,2849,1501,2013-04-10
Police officer saves suicidal man in Medellín's Metro Station [xpost r/Colombia],https://redd.it/1cwxxg,SteveV91,804,178,2013-04-23
"A woman filmed the police when they searched her boyfriend - they handcuffed and threatened her with arrest. She took them to court, and used the settlement make this animation.",https://redd.it/1dc3ix,dawnhfoster,2844,687,2013-04-29
Durham police constable threatens to beat up man and plant cocaine on him,https://redd.it/1dxt9v,rhw0429,702,205,2013-05-08
"Police prevents plane lift off, just your regular day at work.",https://redd.it/1e51zw,LightTreePirate,1775,133,2013-05-11
"Portland Police Pursuit, very intense.",https://redd.it/1effnj,lightninhopkins,2616,282,2013-05-16
Bikers blast through police roadblock on Bay Bridge SF.,https://redd.it/1epfpp,coffeetablesex,537,316,2013-05-20
"NYC Cops give stupid tickets, film student decides to take police advice.",https://redd.it/1f7v39,Kittygus1,1574,544,2013-05-28
Toronto man directs traffic after the lights go out at a large intersection until the police show.,https://redd.it/1ftdnd,_AMPLiFY,3074,1350,2013-06-06
"In 2006, Hungarian protesters hotwired a 50 year old Soviet T-34 tank that was part of an outdoor memorial and drove it against the riot police.",https://redd.it/1fxnnl,KosherNazi,2330,330,2013-06-08
Skateboarders hitch ride on police car (Go Skateboarding Day) [0:10],https://redd.it/1h0j7z,Malduko,1199,116,2013-06-25
"FUCK THA POLICE - Dedicated to the Hawthorne, PD for shooting a dog and the r/videos mods for deleting the related thread.",https://redd.it/1hgl8j,FUCK_THA_MODS,1436,2425,2013-07-01
Here's how ONE police officer handled the situation: with a taser,https://redd.it/1hgmnm,Zhinkk,1692,699,2013-07-01
"Tonight, you all watched police put an innocent dog down on camera. Never forget that police have put innocent HUMANS down (on camera) too [RIP Oscar Grant].",https://redd.it/1hgyqk,ZeBra_,799,245,2013-07-02
The owner of the dog (Max) who was shot by police describes how the events unfolded.,https://redd.it/1hgvly,DEATH_BY_CIRCLEJERK,1813,3942,2013-07-02
Police Brutality Backfires,https://redd.it/1hi9al,Ferret_juggernaut,1172,422,2013-07-02
LiveLeak.com - Sax guy provides riot police with suitable background music,https://redd.it/1hraeb,kikegt,1093,119,2013-07-06
Off duty Tucson Police Department officer pulls gun on gas station clerk,https://redd.it/1ii5i6,braulsohard,733,177,2013-07-17
Protestors forget that riot police typically fire the guns they are holding when you run at them...,https://redd.it/1ij3y2,coffeetablesex,955,591,2013-07-18
Woman is arrested after refusing a police officer's request to enter her home without a warrant to arrest her 11 year old son,https://redd.it/1jlxqg,wreckthechick,2284,735,2013-08-03
"I don't recommend watching this if you already have a phobia of police, very chilling. This is from July 26 2013; unprecedented police brutality.",https://redd.it/1juu29,squeeeeenis,2429,2827,2013-08-07
Santa Ana Police Officer Kills an unarmed Homeless man for calling her a 'bitch',https://redd.it/1jy55o,limited_inc,571,390,2013-08-08
"""Police climb through innocent family's bedroom window, shoot their 2 dogs - No warrant, no evidence"" on YouTube",https://redd.it/1jz9do,FthrJACK,2753,770,2013-08-08
"THIS IS WHAT A POLICE STATE LOOKS LIKE! ""YOU Open The Door When We Come To YOUR F*cking House!""",https://redd.it/1k35ub,incomplete,1716,1179,2013-08-10
Cops Detain Man For Taking Pictures of Police from 90 Feet Away: Award-winning photographer Shawn Nee was detained by Los Angeles police after he photographed officers intervening in a domestic dispute,https://redd.it/1kd2rd,big_hearted_lion,1848,641,2013-08-14
Cop Blockers shut down police checkpoint,https://redd.it/1kkqsv,ThankYouBasedGod559,211,280,2013-08-17
"Police taser man to get him off a roof, choke & drag him face-down across a staircase, killing him",https://redd.it/1ksyih,me_and_batman,1883,570,2013-08-21
Puyallup Police Department Sued For Forcing Women to Strip Naked And Recording Them Getting Undressed,https://redd.it/1l01q3,Lun_lun,2234,607,2013-08-24
"Motorbike driver thinks he can outrun a cop car, think again! (x-post /r/PoliceChases)",https://redd.it/1lekgc,cooltom2006,2503,1321,2013-08-30
Police officer does his best to ignore a VERY affectionate kitten that's climbing all over him during a traffic stop,https://redd.it/2s2w2g,jessicamshannon,11212,752,2015-01-11
Australian gets stopped at a Japanese police stop,https://redd.it/2vvdrg,Dtnoip30,832,158,2015-02-14
This is What Community Oriented Policing Looks Like,https://redd.it/2z1hz7,emilNYC,6701,428,2015-03-14
Tom Scott - calling the police doesn't charge your phone battery,https://redd.it/41jjzp,NeedAGoodUsername,2119,207,2016-01-18
"Sheriff lays into media for misleading reporting of an incident where 3 teenagers who stole a car, drove it into a lake while being chased by police, and then drowned",https://redd.it/4g8p71,9mmIsBestMillimeter,28465,2771,2016-04-24
this is what community oriented policing looks like,https://redd.it/4nienj,maryclairey,19491,1045,2016-06-10
Driver playing Pokemon Go crashing into police car is caught on body cam,https://redd.it/4tqrhz,RawlsTofJ,4923,944,2016-07-20
Tulsa Man Steals Police Car and Live Streams it on Facebook,https://redd.it/5antwn,mcthornbody420,4913,633,2016-11-02
Dutch police have trained eagles to take down drones,https://redd.it/5b570p,kinesbale,604,165,2016-11-04
Arkansas State troopers clock local Police Chief @107MPH and laugh it off and let him go.,https://redd.it/5cewz2,aybabtu88,8795,881,2016-11-11
Motorcycle escapes police helicopter after high-speed chase,https://redd.it/5dbfjc,ImAnA55HOLE,6196,1309,2016-11-16
Boy on Scooter escapes two police motorcycles... CRAZY,https://redd.it/5dd1w6,ImAnA55HOLE,1273,282,2016-11-17
A single dart helping to stop police chases,https://redd.it/5dwky2,gerarshi,425,98,2016-11-20
Korean Riot Police Use Ancient Roman Tactics,https://redd.it/5fsbjy,sockmonst3r,572,178,2016-11-30
Police bust up filming of rap video to arrest felon with gun,https://redd.it/5iccky,emoposer,1048,807,2016-12-14
Police Officer Pulls Over Speeder and Ties His Tie,https://redd.it/5ji0yp,GageOk,4972,588,2016-12-21
Arlington police officer allows teen do 200 push-ups instead of jail time for smoking weed,https://redd.it/5l4nux,grandgrv,24247,3431,2016-12-30
"Real life Purge at Santa Catarina Brazil, as Police goes on strike.",https://redd.it/5sgitp,DarkAngelFusen,1085,262,2017-02-06
Dutch police in dealing with some street thugs,https://redd.it/5tns92,Toxicity,2334,166,2017-02-12
Police Trainee Throws A Grenade The Wrong Way,https://redd.it/5u10c1,xzased,1502,220,2017-02-14
Danish police dealing with mentally unstable woman,https://redd.it/5uff3c,Zkyline,247,246,2017-02-16
Scottish Police Chief tries out Call of Duty,https://redd.it/5v52ad,londome,2972,136,2017-02-20
Man Makes homemade tank and destroys half of his town; Police have no way to stop him,https://redd.it/5vwldg,UndergoThoreau,648,289,2017-02-24
Police Pursuit Almost Gone Terrible Wrong! (x-post r/roadcam),https://redd.it/5y6gmw,auser62727051,753,154,2017-03-08
Dancing Pigeon killed by police,https://redd.it/621qpv,I_am_from_England,284,128,2017-03-28
Police officer saves autistic boy from drowning in pond,https://redd.it/68wp4t,Lorry_Al,1079,191,2017-05-02
A police officer gets a skateboard lesson,https://redd.it/6b4sod,Jxnskates,1656,125,2017-05-14
"After Bank of America forecloses on wrong house, homeowner, lawyer, moving crew, and police officers arrive at bank to seize assets and settle debt.",https://redd.it/6ckfvi,aaronhayes26,33089,2520,2017-05-22
Drunk Police Lieutenant doesn't want to get arrested for a DUI.,https://redd.it/6ek6f5,FearOfTheDock,1665,462,2017-06-01
Several London police officers enter bar at London Bridge telling people to get down.,https://redd.it/6f3yqb,sinkezie,788,718,2017-06-03
Police Officer Goes Undercover as a Man in a Wheelchair,https://redd.it/6f7dfm,noinfinity,5653,368,2017-06-04
Police and Jail Deputies Argue Over Accepting Inmate,https://redd.it/6fpf5t,knivesinmyeyes,357,144,2017-06-06
Video Shows How A Murder Suspect Effortlessly Escaped From Police Interrogation Room,https://redd.it/6fnb5f,hupacmoneybags,665,125,2017-06-06
Cop arrests attorney for telling client not to talk to the police.,https://redd.it/6ftcpt,shzt,55680,7628,2017-06-07
Escaping From Police (South London Crane Climb),https://redd.it/6htco0,czogorskiscfl,1758,276,2017-06-17
"Man helps lost toddler find her parents, police say, but parents beat him and smear him online as a predator.",https://redd.it/6ju8qk,Mesquite_Skeet_Skeet,780,300,2017-06-27
The type of police body camera footage we all can enjoy.,https://redd.it/6jq9za,jbird221,23513,937,2017-06-27
East-German secret police training video from 1984 about how to break into apartments to steal information.,https://redd.it/6km976,piponwa,1688,228,2017-07-01
"This is the dad, whose son did not want to get out of the car when brought home to his mom, and admitted in front of police she had beat him before. Now he lost custody to his kids, and his son was put into a mental hospital due to his mother calling the police on him.",https://redd.it/6le193,AmiroZ,8042,1105,2017-07-05
"Girl accuses Cops of sexual assault, police chief releases body cam footage.",https://redd.it/6m2ve3,Sagacity03,21287,5112,2017-07-08
An incredible 20-minute high-speed motorbike police chase by the Finnish police.,https://redd.it/6mvy97,dinghie,278,90,2017-07-12
Orlando police officers struggle to explain why they pulled over State Attorney Aramis Ayala,https://redd.it/6n2cz6,papabois,557,479,2017-07-13
Police escorting truck to run away ramp,https://redd.it/6q075i,Leiryn,3845,462,2017-07-28
Don't talk to the police.,https://redd.it/6s7kn6,Thevoleman,1387,249,2017-08-07
Illegal Rave in a Van is shut down by the police,https://redd.it/6ume10,Daltonk01,582,97,2017-08-19
Police Catch Man Hitting Homeless People with a Hammer,https://redd.it/715dj7,jimmyslamjam,679,161,2017-09-19
Norwegian police deal with a dangerous traffic situation.,https://redd.it/71xhse,Evvin,3416,291,2017-09-23
"A cocaine packing machine found by the police today in Brazil, it can do 150 thousand baggies per day.",https://redd.it/72fg1f,WorTsaK,39378,2269,2017-09-25
Thief steals food in front of an employee and dares him to call the police,https://redd.it/74k3lx,SylvainLacoste,3089,412,2017-10-06
"Kids pointing a laser at a police helicopter. Helicopters thermographic camera locates them, so a police ground patrol can find them",https://redd.it/77segd,andersoonasd,3108,375,2017-10-21
Activist critical of police undergoes use of force scenarios,https://redd.it/79a8dk,mymompoops,487,280,2017-10-28
Police stand off for man shooting squirrels with BB gun,https://redd.it/7df3b4,Erik5858,517,139,2017-11-16
Charlie LeDuff Documents How Long It Takes For Police To Arrive On The Scene Of A Home Burglary In Detroit,https://redd.it/7eesy8,DomGradyGoat,3123,499,2017-11-21
"""Stand Your Ground"" Six photographers test the policing of public space photography",https://redd.it/7fx9pv,Jitterrr,1073,236,2017-11-27
Volkswagen advert but I changed the soundtrack to **FU%€ THE POLICE**,https://redd.it/7opwbj,wavedoutwillie,40637,1089,2018-01-07
Black Student on Basketball Court Victim of Police Brutality,https://redd.it/7q2qz5,black_spring,947,68,2018-01-13
"High speed police pursuit culminates with violent, head-on crash in Arizona",https://redd.it/7st40u,Mouthshitter,578,259,2018-01-25
NWA - Help The Police,https://redd.it/8058lp,George_Jefferson,1680,65,2018-02-25
Why you should never talk to the police,https://redd.it/80ieh8,schizophrenicrooster,5617,594,2018-02-27
"Two Police Helicopters hit rotors, completely destroying both machines on the ground...",https://redd.it/832k7y,iamkokonutz,2242,285,2018-03-09
"Police lay in wait at backdoor, arrest 3 Costco thieves.",https://redd.it/850g3t,l30,33114,2440,2018-03-17
"Dutch police escorting an ambulance with an incubator baby inside, from one hospital to a more specialized one.",https://redd.it/8a7on7,nlx78,1553,312,2018-04-06
Police find Retractable License Plate on motorcycle,https://redd.it/8cbolw,treer1701e,979,228,2018-04-15
British police officer unexpectedly murders the dance floor,https://redd.it/8f4nd7,Tipex,885,110,2018-04-26
"Neighbor calls the police on homebuyer, finds out the move backfired",https://redd.it/8jrkte,AllezCannes,27689,3355,2018-05-16
Driver outsmarts news anchor during police chase,https://redd.it/8lrwdf,MashCojones,2581,249,2018-05-24
Chinese police advice on knife attack,https://redd.it/8n1em8,diacewrb,6852,708,2018-05-29
PSA: The yearly reminder to never talk to the Police,https://redd.it/8vh7nz,85478645792225456,4717,722,2018-07-02
Norfolk Police Department Lip Sync Battle— what’s maybe most impressive is that it was all filmed in one shot,https://redd.it/8yt8mc,mambo_dog_face,22773,1958,2018-07-14
Call the police,https://redd.it/8zu0zd,harpsmurphy,526,64,2018-07-18
Five year old invites New Zealand Police to his birthday party,https://redd.it/92s3id,twistedshadow,2884,252,2018-07-29
Quality police work,https://redd.it/940ax0,BigKahuna93,21605,1271,2018-08-02
Don't Talk to the Police (defense attorney AND police perspective... they both agree),https://redd.it/973kmm,riotacting,1503,384,2018-08-14
"Police Officer searches a guy and finds heroin, instead of arresting him he cuts him some major slack and it leads to a very sad yet wholesome moment",https://redd.it/97hgbd,onedostresariba,3277,658,2018-08-15
5 Rules for Recording Police,https://redd.it/9bov5f,FenrirIII,670,113,2018-08-31
"West Yorkshire Police Pull a Man over, they want a chat, he doesn't want to talk.",https://redd.it/9l1v7y,Weasel_Chops,435,382,2018-10-03
"Police Chase: suspect thinks he's gotten away, gets surprised by police",https://redd.it/ak6e6t,Avacados-Anonymous,353,137,2019-01-26
Irish Rugby Team Escorted By Italian Police in Rome,https://redd.it/au9rpm,TheBoy88,3177,190,2019-02-24
"I made a cartoon based on actual police reports from my hometown (Port Townsend, WA).",https://redd.it/ay6b5q,SirMichaelMccurdy,2486,152,2019-03-07
Don't Talk to the Police,https://redd.it/ayyrnm,corruptLA1,1722,283,2019-03-09
That time the philly police dropped a bomb from a helicopter onto someone's house.,https://redd.it/b2biw3,welcumtocostcoiloveu,608,251,2019-03-17
"When the police tell you to ""get down""",https://redd.it/b6rcq6,darkenedwimp,826,168,2019-03-29
It's been 2 years since Dr. David Dao was forcibly removed off a United flight due to overbooking and police imcompetence,https://redd.it/bbd5a3,philly_plastic,699,323,2019-04-09
Police intimidation caught on undercover camera,https://redd.it/bc9ea2,suitology,2739,691,2019-04-12
Dutch police got a siren upgrade,https://redd.it/bh64qc,chineseouchie,4423,263,2019-04-25
Texas police respond to burglary with guns drawn and find more than they were hunting for,https://redd.it/bxjq7h,FuzzyCats,20201,1361,2019-06-06
"Police vehicles ram into car, killing woman",https://redd.it/bz8qi5,Mojammer,412,186,2019-06-11
"The police recently raided the abandoned bingo hall in my hometown, finding a massive cannabis farm literally on the high street",https://redd.it/c21pl1,Dravalo,1984,627,2019-06-18
"Thieves steal car and wallet from owner of a Pet Rescue and proceed to use the rescues card around town. Owner tracks them down, steals her car back, and leads the police to them on a facebook live stream.",https://redd.it/ccbwex,spast1c,22615,2012,2019-07-12
"Should Police Use ""MAN CATCHERS"" Instead of Guns?",https://redd.it/cd3olr,Rubiego,1331,303,2019-07-14
MarineLand Canada sent the police to my house because I tweeted “Life is short. Steal a walrus”.,https://redd.it/ci9ntn,PhilDemers,999,165,2019-07-26
Don't Talk to the Police,https://redd.it/coyyh8,Spykez0129,1635,264,2019-08-11
Scam Callers Threaten Police Captain with Arrest,https://redd.it/cw95le,GiantsInTornado,34481,1785,2019-08-27
Formula One car driving on Czech highway. Police are searching for the driver.,https://redd.it/d3epcd,PostYourSinks,2281,389,2019-09-12
Oldie but goodie: This mustang driver who shamed police on the pit maneuver. Was caught!,https://redd.it/d5n5o6,CaptainReginaldLong,845,131,2019-09-17
"Man who was assaulted by Lancashire Police, calls them about a harasser breaching their restraining order. The operator, not realising who he is, proceeds to spill all hurtful gossip the police tell about him. (Call starts at 7:28)",https://redd.it/d99by3,DreadfullyAwful,1754,376,2019-09-25
Law Professor on Why You Shouldn't Talk to the Police,https://redd.it/d9ct0b,SilentSamurai,5045,606,2019-09-26
The end of a police chase in London today.,https://redd.it/dalhno,phigo50,2090,1012,2019-09-28
N.W.A. - Help The Police.,https://redd.it/depyi3,HeadbangerNeckInjury,477,58,2019-10-07
Defense lawyer on why you should never speak to police (In the US),https://redd.it/djd3ea,AnimeCiety,3764,530,2019-10-17
What Happens When You Try to File a Complaint Against a Police Officer.,https://redd.it/djykgt,Xnovia,793,179,2019-10-19
"With so many videos saying NEVER talk to police, here's one explaining when you SHOULD talk to the police",https://redd.it/dll8vj,CardboardElite,132,79,2019-10-22
One of Leslie Nielsen's most underrated but best scenes in Police Squad!,https://redd.it/dp72zn,MrJallu101,2969,282,2019-10-30
Florida Man Subpoenas a Police Dog to Fight $300 Traffic Ticket for Failing to Use a Turn Signal,https://redd.it/ds25u3,FilthyGypsey,707,141,2019-11-05
"London police: ""You have to evacuate, there's a terrorist incident going on outside"". Café staff: ""OK but can you wait 30 minutes as people are still eating?""",https://redd.it/ey7c4l,ugotamesij,47710,3703,2020-02-03
Serial Police Impersonator Arrested by Real Police,https://redd.it/ezdid4,leedade,817,224,2020-02-05
Edmonton Police Service Porch Pirate Sting,https://redd.it/f82buu,Agento420,6270,1034,2020-02-23
"New Orleans police clears out street: ""Your actions are jeopardizing public health"" on megaphone",https://redd.it/fjdqg0,Hufe,6311,886,2020-03-16
Sandford Police using a Dalek to order people to stay inside,https://redd.it/fvc1s9,Kubrick_Fan,3392,211,2020-04-05
Church members in defiance of stay-at-home order swarm Walmart after police dismiss church service to prove a point,https://redd.it/g1ag4r,NeoKnife,14216,3225,2020-04-14
Best Police Chase I've Ever Seen...,https://redd.it/g8lk61,MizMandy,178,117,2020-04-26
Police Academy (1984) Official Trailer,https://redd.it/18iqqk1,MemorableKidsMoments,9,2,2023-12-15
Police dog reprimanded by police chief for inappropriate behaviour on the job,https://redd.it/18lchbf,Fenixstorm1,0,1,2023-12-18
